<VisualComponent generator="WMComponents.NewVisualComponent">
	<Properties>
		<Bounds loader="WMProperties.NewRectangle">
			<Left>0</Left>
			<Top>0</Top>
			<Width>640</Width>
			<Height>480</Height>
		</Bounds>
		<TakesFocus loader="WMProperties.NewBoolean">false</TakesFocus>
		<EditMode loader="WMProperties.NewBoolean">false</EditMode>
		<FillColor loader="WMProperties.NewColor">CCCCCCFF</FillColor>
	</Properties>

	<Panel generator="WMStandardComponents.GenPanel">
		<Properties>
			<UID loader="WMProperties.NewString">pnlToolbar</UID>
			<Bounds loader="WMProperties.NewRectangle">
				<Left>0</Left>
				<Top>0</Top>
				<Width>640</Width>
				<Height>24</Height>
			</Bounds>
			<Bearing loader="WMProperties.NewRectangle">
				<Left>2</Left>
				<Top>2</Top>
				<Width>2</Width>
				<Height>1</Height>
			</Bearing>
			<EditMode loader="WMProperties.NewBoolean">false</EditMode>
			<Alignment loader="WMProperties.NewInt32">2</Alignment>
		</Properties>

		<Button generator="WMStandardComponents.GenButton">
			<Properties>
				<UID loader="WMProperties.NewString">btnSelect</UID>
				<Bounds loader="WMProperties.NewRectangle">
					<Left>0</Left>
					<Top>0</Top>
					<Width>24</Width>
					<Height>24</Height>
				</Bounds>
				<EditMode loader="WMProperties.NewBoolean">false</EditMode>
				<BgImage loader="WMProperties.NewString">WMVC.zip://btn1.png</BgImage>
				<UseBgBitmaps loader="WMProperties.NewBoolean">false</UseBgBitmaps>
			</Properties>
		</Button>
		<Button generator="WMStandardComponents.GenButton">
			<Properties>
				<UID loader="WMProperties.NewString">btnLine</UID>
				<Bounds loader="WMProperties.NewRectangle">
					<Left>24</Left>
					<Top>0</Top>
					<Width>24</Width>
					<Height>24</Height>
				</Bounds>
				<EditMode loader="WMProperties.NewBoolean">false</EditMode>
				<BgImage loader="WMProperties.NewString">WMVC.zip://btn2.png</BgImage>
				<UseBgBitmaps loader="WMProperties.NewBoolean">false</UseBgBitmaps>
			</Properties>
		</Button>
		<Button generator="WMStandardComponents.GenButton">
			<Properties>
				<UID loader="WMProperties.NewString">btnPoly</UID>
				<Bounds loader="WMProperties.NewRectangle">
					<Left>48</Left>
					<Top>0</Top>
					<Width>24</Width>
					<Height>24</Height>
				</Bounds>
				<EditMode loader="WMProperties.NewBoolean">false</EditMode>
				<BgImage loader="WMProperties.NewString">WMVC.zip://btn3.png</BgImage>
				<UseBgBitmaps loader="WMProperties.NewBoolean">false</UseBgBitmaps>
			</Properties>
		</Button>
		<Button generator="WMStandardComponents.GenButton">
			<Properties>
				<UID loader="WMProperties.NewString">btnBeginEnd</UID>
				<Bounds loader="WMProperties.NewRectangle">
					<Left>72</Left>
					<Top>0</Top>
					<Width>24</Width>
					<Height>24</Height>
				</Bounds>
				<EditMode loader="WMProperties.NewBoolean">false</EditMode>
				<BgImage loader="WMProperties.NewString">WMVC.zip://btn4.png</BgImage>
				<UseBgBitmaps loader="WMProperties.NewBoolean">false</UseBgBitmaps>
			</Properties>
		</Button>
		<Button generator="WMStandardComponents.GenButton">
			<Properties>
				<UID loader="WMProperties.NewString">btnInOut</UID>
				<Bounds loader="WMProperties.NewRectangle">
					<Left>96</Left>
					<Top>0</Top>
					<Width>24</Width>
					<Height>24</Height>
				</Bounds>
				<EditMode loader="WMProperties.NewBoolean">false</EditMode>
				<BgImage loader="WMProperties.NewString">WMVC.zip://btn5.png</BgImage>
				<UseBgBitmaps loader="WMProperties.NewBoolean">false</UseBgBitmaps>
			</Properties>
		</Button>
		<Button generator="WMStandardComponents.GenButton">
			<Properties>
				<UID loader="WMProperties.NewString">btnAction</UID>
				<Bounds loader="WMProperties.NewRectangle">
					<Left>120</Left>
					<Top>0</Top>
					<Width>24</Width>
					<Height>24</Height>
				</Bounds>
				<EditMode loader="WMProperties.NewBoolean">false</EditMode>
				<BgImage loader="WMProperties.NewString">WMVC.zip://btn6.png</BgImage>
				<UseBgBitmaps loader="WMProperties.NewBoolean">false</UseBgBitmaps>
			</Properties>
		</Button>
		<Button generator="WMStandardComponents.GenButton">
			<Properties>
				<UID loader="WMProperties.NewString">btnCondition</UID>
				<Bounds loader="WMProperties.NewRectangle">
					<Left>144</Left>
					<Top>0</Top>
					<Width>24</Width>
					<Height>24</Height>
				</Bounds>
				<EditMode loader="WMProperties.NewBoolean">false</EditMode>
				<BgImage loader="WMProperties.NewString">WMVC.zip://btn7.png</BgImage>
				<UseBgBitmaps loader="WMProperties.NewBoolean">false</UseBgBitmaps>
			</Properties>
		</Button>
		<Button generator="WMStandardComponents.GenButton">
			<Properties>
				<UID loader="WMProperties.NewString">btnSub</UID>
				<Bounds loader="WMProperties.NewRectangle">
					<Left>168</Left>
					<Top>0</Top>
					<Width>24</Width>
					<Height>24</Height>
				</Bounds>
				<EditMode loader="WMProperties.NewBoolean">false</EditMode>
				<BgImage loader="WMProperties.NewString">WMVC.zip://btn8.png</BgImage>
				<UseBgBitmaps loader="WMProperties.NewBoolean">false</UseBgBitmaps>
			</Properties>
		</Button>
		<Button generator="WMStandardComponents.GenButton">
			<Properties>
				<UID loader="WMProperties.NewString">btnText</UID>
				<Bounds loader="WMProperties.NewRectangle">
					<Left>192</Left>
					<Top>0</Top>
					<Width>24</Width>
					<Height>24</Height>
				</Bounds>
				<EditMode loader="WMProperties.NewBoolean">false</EditMode>
				<BgImage loader="WMProperties.NewString">WMVC.zip://btn9.png</BgImage>
				<UseBgBitmaps loader="WMProperties.NewBoolean">false</UseBgBitmaps>
			</Properties>
		</Button>
		<Label generator="WMStandardComponents.GenLabel">
			<Properties>
				<Bounds loader="WMProperties.NewRectangle">
					<Left>232</Left>
					<Top>0</Top>
					<Width>40</Width>
					<Height>24</Height>
				</Bounds>
				<EditMode loader="WMProperties.NewBoolean">false</EditMode>
				<Caption loader="WMProperties.NewString">Text:</Caption>
				<AlignH loader="WMProperties.NewInt32">2</AlignH>
			</Properties>
		</Label>
		<TextField generator="WMEditors.GenTextField" Value="">
			<Properties>
				<UID loader="WMProperties.NewString">fldText</UID>
				<Bounds loader="WMProperties.NewRectangle">
					<Left>276</Left>
					<Top>0</Top>
					<Width>128</Width>
					<Height>24</Height>
				</Bounds>
				<TakesFocus loader="WMProperties.NewBoolean">true</TakesFocus>
				<EditMode loader="WMProperties.NewBoolean">false</EditMode>
			</Properties>
		</TextField>
		<Label generator="WMStandardComponents.GenLabel">
			<Properties>
				<Bounds loader="WMProperties.NewRectangle">
					<Left>420</Left>
					<Top>0</Top>
					<Width>40</Width>
					<Height>24</Height>
				</Bounds>
				<EditMode loader="WMProperties.NewBoolean">false</EditMode>
				<Caption loader="WMProperties.NewString">Scale:</Caption>
				<AlignH loader="WMProperties.NewInt32">2</AlignH>
			</Properties>
		</Label>
		<DropDownList generator="WMDropDownLists.GenDropDownList">
			<Properties>
				<UID loader="WMProperties.NewString">ddlScale</UID>
				<Bounds loader="WMProperties.NewRectangle">
					<Left>464</Left>
					<Top>0</Top>
					<Width>160</Width>
					<Height>24</Height>
				</Bounds>
				<EditMode loader="WMProperties.NewBoolean">false</EditMode>
				<Mode loader="WMProperties.NewInt32">2</Mode>
			</Properties>
		</DropDownList>
	</Panel>
	<ScrollPanel generator="WMScrollableComponents.GenScrollableContainer">
		<Properties>
			<UID loader="WMProperties.NewString">boxEditor</UID>
			<Bounds loader="WMProperties.NewRectangle">
				<Left>0</Left>
				<Top>32</Top>
				<Width>640</Width>
				<Height>448</Height>
			</Bounds>
			<Bearing loader="WMProperties.NewRectangle">
				<Left>2</Left>
				<Top>1</Top>
				<Width>2</Width>
				<Height>2</Height>
			</Bearing>
			<EditMode loader="WMProperties.NewBoolean">false</EditMode>
			<Alignment loader="WMProperties.NewInt32">5</Alignment>
			<FillColor loader="WMProperties.NewColor">AACCBBFF</FillColor>
		</Properties>

		<VisualContainer generator="WMVC.GenVisualContainer">
			<Properties>
				<UID loader="WMProperties.NewString">VisCont</UID>
				<Bounds loader="WMProperties.NewRectangle">
					<Left>0</Left>
					<Top>0</Top>
					<Width>100</Width>
					<Height>100</Height>
				</Bounds>
				<EditMode loader="WMProperties.NewBoolean">false</EditMode>
			<FillColor loader="WMProperties.NewColor">FF88AAFF</FillColor>
			</Properties>
		</VisualContainer>
	</ScrollPanel>
</VisualComponent>